gene,type,level_of_evidence
CYP2C9,Metabolism/PK,1A
DPYD,Toxicity,1A
CYP2C19,Metabolism/PK,1A
CYP2C9,Toxicity,1A
UGT1A1,Toxicity,1A
TPMT,Dosage,1A
CYP4F2,Dosage,1A
EGFR,Efficacy,1A
VKORC1,Dosage,1A
NUDT15,Dosage,1A
CYP2D6,Metabolism/PK,1A
CYP2D6,Efficacy,1A
G6PD,Toxicity,1A
DPYD,Other,1A
CFTR,Efficacy,1A
HLA-B,Toxicity,1A
UGT1A1,Dosage,1A
CYP2D6,Toxicity,1A
NUDT15,Toxicity,1A
CYP2B6,Toxicity,1A
CYP2B6,Metabolism/PK,1A
CYP2B6,Dosage,1A
"IFNL3,IFNL4",Efficacy,1A
,Dosage,1A
CYP2D6,Dosage,1A
CYP2C19,Efficacy,1A
MT-RNR1,Toxicity,1A
CYP2C9,Dosage,1A
SLCO1B1,Metabolism/PK,1A
SLCO1B1,Toxicity,1A
ABCG2,Metabolism/PK,1A
ABCG2,Toxicity,1A
ABCG2,Efficacy,1A
ABCG2,Dosage,1A
CYP2C19,Toxicity,1A
TPMT,Toxicity,1A
TPMT,Metabolism/PK,1A
RYR1,Toxicity,1A
CACNA1S,Toxicity,1A
CYP3A5,Metabolism/PK,1A
CYP2C19,"Efficacy,Toxicity",1A
CYP3A4,Metabolism/PK,1A
CYP3A5,Dosage,1A
HLA-A,Toxicity,1A
VKORC1,Toxicity,1B
UGT1A1,Toxicity,1B
CYP3A5,Metabolism/PK,1B
IFNL4,Efficacy,1B
IFNL3,Efficacy,1B
CYP2C9,Toxicity,1B
CYP2C9,Dosage,1B
VKORC1,Dosage,1B
UGT1A1,Metabolism/PK,1B
CYP2A6,Metabolism/PK,1B
NAT2,Toxicity,1B
CYP2D6,Metabolism/PK,1B
IFNL3,Efficacy,2A
VKORC1,Efficacy,2A
SLC19A1,Efficacy,2A
HLA-B,Toxicity,2A
CYP2B6,Metabolism/PK,2A
ABCG2,Efficacy,2A
UGT1A1,Toxicity,2A
CYP3A4,Metabolism/PK,2A
CYP3A5,Dosage,2A
CYP2C9,Efficacy,2A
VKORC1,Dosage,2A
VKORC1,Toxicity,2A
CYP2D6,Dosage,2A
CYP4F2,Dosage,2A
ADRB2,Efficacy,2A
CYP2B6,Toxicity,2A
SLCO1B1,Toxicity,2A
ACE,Efficacy,2A
CYP2D6,Metabolism/PK,2A
CYP2C19,Metabolism/PK,2A
CYP2C9,Toxicity,2A
CYP3A4,Dosage,2A
MTHFR,Toxicity,2A
NAT2,Metabolism/PK,2A
HLA-C,Toxicity,2B
CES1,Efficacy,2B
CES1,Metabolism/PK,2B
SCN1A,Dosage,2B
ATIC,Efficacy,2B
HLA-DRB1,Toxicity,2B
XRCC1,Efficacy,2B
EGFR,Efficacy,2B
CHRNA5,Toxicity,2B
ALDH2,Toxicity,2B
HLA-DPB1,Toxicity,2B
APOE,Efficacy,2B
ITPA,Toxicity,2B
ADD1,Efficacy,2B
FCGR3A,Efficacy,2B
F2,Toxicity,2B
HLA-A,Toxicity,2B
SLC28A3,Toxicity,2B
F5,Toxicity,2B
TNF,Efficacy,2B
,Toxicity,3
CSRP3,Efficacy,3
ARAP2,Efficacy,3
CST5,Efficacy,3
MAFB,Efficacy,3
CYP2C19,Dosage,3
ADD1,Efficacy,3
DRD3,Efficacy,3
"UGT1A10,UGT1A6,UGT1A7,UGT1A8,UGT1A9",Dosage,3
SLC19A1,Efficacy,3
PTGS2,Efficacy,3
ABCB1,Dosage,3
ABCB1,Efficacy,3
ABCB1,Other,3
ABCB1,Toxicity,3
ABCC2,Toxicity,3
ERCC1,Toxicity,3
GSTP1,Efficacy,3
ERCC2,"Efficacy,Toxicity",3
PTGER3,Toxicity,3
APOE,Toxicity,3
SLCO1B3,Toxicity,3
MME,Toxicity,3
ESR2,Toxicity,3
BDKRB2,Toxicity,3
STX4,Dosage,3
ERBB2,Toxicity,3
VKORC1,Dosage,3
HLA-C,Toxicity,3
SLCO1B1,Efficacy,3
,Efficacy,3
ESR1,Toxicity,3
TPH2,Efficacy,3
"ADORA2A,SPECC1L",Toxicity,3
MOB3B,Efficacy,3
EGFR,Efficacy,3
DTNBP1,Toxicity,3
ALOX5,Efficacy,3
LTA4H,Efficacy,3
HTR2A,Efficacy,3
ADRB3,Toxicity,3
RGS4,Efficacy,3
LEP,Toxicity,3
CCND1,Efficacy,3
DTNBP1,Efficacy,3
KCNH2,Toxicity,3
GGH,Toxicity,3
C9ORF72,Efficacy,3
CBR3,"Efficacy,Toxicity",3
NRP2,Other,3
CYP3A4,Dosage,3
UGT1A9,Toxicity,3
"BAG6,PRRC2A",Toxicity,3
ACE,Efficacy,3
CYP2C9,Dosage,3
NPPA,Efficacy,3
PPARA,Efficacy,3
GBP6,Efficacy,3
CAT,Toxicity,3
SLCO1B1,Other,3
CYP2C8,Other,3
HTR1A,Efficacy,3
NRG3,Toxicity,3
NUBPL,Toxicity,3
CELF4,Toxicity,3
CERKL,Toxicity,3
NOS1AP,Toxicity,3
TLR3,Efficacy,3
PICK1,Toxicity,3
CHST3,"Efficacy,Toxicity",3
CHST3,Efficacy,3
PIK3CA,Dosage,3
"CLCN6,MTHFR",Toxicity,3
IL1B,Efficacy,3
CYP2B6,Toxicity,3
TYMS,Efficacy,3
DRD3,Toxicity,3
DSCAM,Efficacy,3
PPARD,Efficacy,3
ABCC6,Toxicity,3
"ERCC1,POLR1G,PPP1R13L",Efficacy,3
SERPINE1,Efficacy,3
CYP3A4,Toxicity,3
NR1I2,Other,3
COMT,Efficacy,3
GRM3,Efficacy,3
APOC3,Toxicity,3
LPIN1,Efficacy,3
TCF7L2,Efficacy,3
ABCC1,Efficacy,3
ABCC1,"Efficacy,Toxicity",3
ABCG2,Efficacy,3
ABCC1,Toxicity,3
APOB,Efficacy,3
HTR3B,Toxicity,3
CYP1A2,Toxicity,3
FPGS,Efficacy,3
MTHFR,Toxicity,3
CYP2C8,Toxicity,3
HTR7,Toxicity,3
NALCN,Other,3
ARID5B,Other,3
GGH,Efficacy,3
DRD2,Toxicity,3
NOS3,Efficacy,3
BDNF,Efficacy,3
EPHX1,Toxicity,3
CYP4B1,Toxicity,3
SLC10A2,Toxicity,3
SPG7,Toxicity,3
ATP7A,Toxicity,3
NAT2,Toxicity,3
SULT1C4,Efficacy,3
"RPL13,SNORD68,SPG7",Toxicity,3
PRDX4,Dosage,3
EPHX1,Dosage,3
XRCC4,Dosage,3
ADM,Efficacy,3
VDR,Efficacy,3
ADORA2A,Toxicity,3
EGFR,Toxicity,3
GLCCI1,Efficacy,3
"KCNIP1,KCNMB1",Efficacy,3
ESR1,Efficacy,3
CACNA1C,Efficacy,3
GRK4,Efficacy,3
ABCC10,Toxicity,3
IDO1,Toxicity,3
HLA-DQA1,Efficacy,3
AGT,Toxicity,3
HLA-DQB1,Toxicity,3
CYP2A6,Other,3
COMT,Toxicity,3
CYP2B6,Dosage,3
COMT,Other,3
CYP3A4,Other,3
COQ2,Toxicity,3
RYR2,Toxicity,3
SHMT1,Toxicity,3
KCNH2,Efficacy,3
CYP2C8,Dosage,3
GABRQ,Efficacy,3
CYP2D6,Efficacy,3
GSK3B,Efficacy,3
CACNG2,Efficacy,3
FKBP5,Efficacy,3
FDPS,Toxicity,3
GABRA6,Efficacy,3
GABRP,Efficacy,3
GRIA3,Efficacy,3
GAL,Efficacy,3
BDNF,Toxicity,3
P2RY12,Efficacy,3
CRY1,Efficacy,3
DRD1,Efficacy,3
"OR52J2P,OR52J3",Efficacy,3
GSTM3,Toxicity,3
IL12A,Toxicity,3
IL4R,Efficacy,3
BDNF,Dosage,3
"NR1D1,THRA",Efficacy,3
IMPDH1,Efficacy,3
NTRK2,Dosage,3
"G6PD,IKBKG",Toxicity,3
IMPDH1,Toxicity,3
ANKK1,Dosage,3
DRD2,Dosage,3
NGF,Dosage,3
TPH1,Efficacy,3
CDA,Efficacy,3
CDA,Toxicity,3
CHRNA4,Other,3
ADRB1,Toxicity,3
GNB3,Toxicity,3
HTR2A,Toxicity,3
SLC14A2,Efficacy,3
CYP1A2,Efficacy,3
ANKK1,Toxicity,3
GNB3,Efficacy,3
ABCC3,Efficacy,3
CYP1A2,"Dosage,Toxicity",3
CYP2C19,Efficacy,3
WNT5B,Other,3
NEUROD1,Efficacy,3
PAX4,Efficacy,3
ADRA2C,Efficacy,3
GCLC,Toxicity,3
LDLR,Efficacy,3
CYP2C9,Other,3
CYP2C9,Efficacy,3
REN,Toxicity,3
EDN1,Toxicity,3
P2RY1,Efficacy,3
FSIP1,Toxicity,3
CEP68,Toxicity,3
PPARG,Toxicity,3
IL4,Toxicity,3
ADORA1,Toxicity,3
GP6,Efficacy,3
FCER1G,Toxicity,3
IL1B,Toxicity,3
TBXA2R,Toxicity,3
ITGA2,Efficacy,3
NTRK1,Efficacy,3
HNMT,Toxicity,3
VEGFA,Toxicity,3
ABCC2,Other,3
ZNF423,Efficacy,3
F13A1,Efficacy,3
CYP2B6,Efficacy,3
MC1R,Efficacy,3
GRIK4,Efficacy,3
KCNJ1,Toxicity,3
CRHR1,Efficacy,3
IL10,Efficacy,3
SLCO1B3,Other,3
CETP,Efficacy,3
FMO1,Other,3
FMO3,Other,3
ERCC1,Efficacy,3
XRCC5,Efficacy,3
"PRSS53,VKORC1",Dosage,3
GSTT1,Toxicity,3
SREBF1,Efficacy,3
SCAP,Efficacy,3
UGT1A4,Other,3
TLR4,Efficacy,3
TLR4,Toxicity,3
AGTR1,"Efficacy,Toxicity",3
ABO,Toxicity,3
OPRM1,Efficacy,3
OPRM1,Other,3
CYP2D6,Toxicity,3
RGS2,Toxicity,3
NR1H3,Toxicity,3
UGT1A3,Efficacy,3
AOX1,Efficacy,3
SHMT1,Efficacy,3
CTLA4,Toxicity,3
MTTP,Efficacy,3
UST,Efficacy,3
UGT2B7,Other,3
ABCC4,Other,3
AGTR1,Efficacy,3
DCAF4,Efficacy,3
CYP2E1,Efficacy,3
CYP2E1,"Efficacy,Toxicity",3
HTR3A,Efficacy,3
PRKCB,Other,3
ADRA2A,Other,3
DRD2,Efficacy,3
ANKK1,Efficacy,3
PDE4D,Efficacy,3
ABCC2,Efficacy,3
MTRR,Efficacy,3
CYP2B6,Other,3
ABCG8,Efficacy,3
POR,Other,3
CYP3A5,"Efficacy,Toxicity",3
MAD1L1,Efficacy,3
CYP3A4,Efficacy,3
CYBA,Other,3
SLC6A5,Toxicity,3
HMGCR,Efficacy,3
MTHFR,Efficacy,3
CXCL5,Efficacy,3
TNF,Other,3
F3,Efficacy,3
ABCA1,Efficacy,3
NPC1L1,Efficacy,3
SCARB1,Efficacy,3
HMGCR,Other,3
LPL,Efficacy,3
APOA1,Efficacy,3
CASP7,Efficacy,3
EDN1,Efficacy,3
AGT,Efficacy,3
SLCO1B1,Toxicity,3
CRP,Efficacy,3
SACM1L,Toxicity,3
GABRA1,Efficacy,3
KCNQ1,Efficacy,3
ABCG2,Toxicity,3
ACE2,Efficacy,3
MTR,Efficacy,3
ADRB1,Efficacy,3
F12,Efficacy,3
ADRA2A,Efficacy,3
RHBDF2,Efficacy,3
COL26A1,Toxicity,3
UGT1A,Other,3
UGT1A,Toxicity,3
CYP1A1,Efficacy,3
HTR2C,Toxicity,3
ABCC4,Efficacy,3
TNFRSF1A,Efficacy,3
NOD2,Efficacy,3
A2M,Efficacy,3
PRCP,Efficacy,3
PEAR1,Efficacy,3
HTR1B,Other,3
SLC22A1,Other,3
SRP19,Efficacy,3
REEP5,Efficacy,3
G6PD,Toxicity,3
HTR1B,Toxicity,3
GRIN2B,Toxicity,3
FKBP5,Toxicity,3
AKT1,Efficacy,3
GSTM1,Toxicity,3
GNAS,Efficacy,3
TGFBR3,Efficacy,3
ZNF804A,Efficacy,3
ADRB2,Efficacy,3
CYP11B2,Efficacy,3
VEGFA,Efficacy,3
EIF3A,Efficacy,3
CDA,Other,3
TBXT,Efficacy,3
DCK,Other,3
TGFB1,Efficacy,3
SLCO1B1,Dosage,3
SV2C,Efficacy,3
SLC22A2,Other,3
OPRM1,Toxicity,3
BCL2,Toxicity,3
SOX10,Toxicity,3
GRK5,Efficacy,3
RFK,Efficacy,3
WNK1,Efficacy,3
HSPG2,Toxicity,3
GABRG3,Toxicity,3
ADRB2,Toxicity,3
PRKCA,Efficacy,3
MEX3C,Toxicity,3
PARD3B,Toxicity,3
DPYD,Efficacy,3
DCBLD1,Efficacy,3
SERPINA3,Efficacy,3
SLC39A14,Efficacy,3
RBMS3,Efficacy,3
ABCC4,Toxicity,3
CSRNP3,Toxicity,3
ALDH1A2,Efficacy,3
CLOCK,Efficacy,3
SLC12A3,Efficacy,3
SLC30A8,Efficacy,3
OASL,Efficacy,3
TPMT,Toxicity,3
PEAR1,Toxicity,3
SLC22A12,Toxicity,3
CYP2E1,Toxicity,3
SULT2B1,Toxicity,3
CYP2D6,Other,3
XDH,Toxicity,3
NT5C2,Toxicity,3
DRD2,Other,3
CYP3A5,Other,3
UGT2B15,Efficacy,3
NPPA-AS1,Efficacy,3
UGT1A1,Toxicity,3
IL6,Efficacy,3
SLC22A5,Efficacy,3
UGT1A1,Other,3
RRM2,Efficacy,3
RRM2B,Efficacy,3
RRM1,Efficacy,3
ABCC11,Toxicity,3
SFRP5,Toxicity,3
DHFR,Efficacy,3
PTPRC,Efficacy,3
CDKN2B-AS1,Toxicity,3
HLA-A,Toxicity,3
IFNL3,Efficacy,3
BDNF-AS,Efficacy,3
SLCO2B1,Efficacy,3
SLC29A1,Toxicity,3
SLC31A1,Efficacy,3
TBC1D32,Toxicity,3
MAP3K1,Efficacy,3
SLC22A16,Dosage,3
ABCC2,Dosage,3
TNFAIP3,Efficacy,3
STK39,Efficacy,3
EPB41,Efficacy,3
ALDH1A1,Toxicity,3
TOP1,Toxicity,3
C5,Efficacy,3
SLC6A4,Efficacy,3
SLC6A4,Toxicity,3
NR3C2,Efficacy,3
ACE,Other,3
ADH1C,Efficacy,3
TPMT,Efficacy,3
MUTYH,Toxicity,3
ERCC5,Efficacy,3
LIG3,Toxicity,3
GCG,Other,3
DCK,Toxicity,3
SLC28A3,Other,3
DCK,Efficacy,3
GATA3,Efficacy,3
FPGS,Dosage,3
BMP5,Efficacy,3
PLCD3,Efficacy,3
TANC1,Toxicity,3
GRM3,Other,3
HLA-DRB1,Toxicity,3
MYLIP,Efficacy,3
ATIC,Toxicity,3
SLC29A1,Efficacy,3
CAPG,Toxicity,3
ACTG1,Toxicity,3
PSORS1C3,Toxicity,3
POU5F1,Toxicity,3
KCNQ5,Toxicity,3
BCL2L11,Efficacy,3
PPARA,Other,3
ATP7B,Efficacy,3
OPRD1,Other,3
GAL,Other,3
PTGS2,Toxicity,3
PLA2G4A,Toxicity,3
GALNT2,Toxicity,3
GALNT2,Other,3
FTO,Toxicity,3
,Other,3
DBH,Other,3
BDNF,Other,3
HLA-G,Efficacy,3
HLA-B,Toxicity,3
HLA-DQA1,Toxicity,3
ITGB3,Efficacy,3
HLA-B,Efficacy,3
PPARA,Dosage,3
UGT1A9,Efficacy,3
CNR1,Other,3
NR1I2,Metabolism/PK,3
CFH,Dosage,3
E2F7,Efficacy,3
E2F7,Toxicity,3
CREB1,Efficacy,3
GSTM3,Metabolism/PK,3
ANKK1,Metabolism/PK,3
CYP2C9,Toxicity,3
CYP2D6,Metabolism/PK,3
XBP1,"Efficacy,Toxicity",3
ABCC2,"Toxicity,Metabolism/PK",3
UGT1A6,"Efficacy,Toxicity",3
TBC1D1,Toxicity,3
ADH1B,Metabolism/PK,3
SLC22A1,Metabolism/PK,3
DHFR,Toxicity,3
SLC6A2,Efficacy,3
TBXA2R,Efficacy,3
CXCL8,Efficacy,3
DAPK1,Toxicity,3
IL2,Efficacy,3
CYP2B6,"Efficacy,Toxicity",3
ABCB1,"Efficacy,Toxicity",3
GSTA1,Efficacy,3
HLA-C,Efficacy,3
DPYD,Toxicity,3
ENOSF1,Toxicity,3
GRIN1,Toxicity,3
DRD1,Toxicity,3
CA10,Efficacy,3
IL11,Efficacy,3
AREG,Efficacy,3
UGT1A1,Efficacy,3
CYP3A5,"Dosage,Toxicity",3
HLA-DPB1,Toxicity,3
GRIK1,"Efficacy,Metabolism/PK",3
ORM2,Metabolism/PK,3
KCNJ11,Efficacy,3
ABCC2,Metabolism/PK,3
ERCC3,Efficacy,3
XPA,Efficacy,3
ERCC4,Efficacy,3
APLF,Efficacy,3
ERCC2,Toxicity,3
CXXC4,Efficacy,3
WNT5B,Efficacy,3
WIF1,Efficacy,3
AXIN2,Efficacy,3
MTR,Toxicity,3
NEDD4L,Efficacy,3
FOLR3,Efficacy,3
ERCC2,Efficacy,3
EXO1,Efficacy,3
UMPS,Efficacy,3
REV3L,Efficacy,3
DLG5,Efficacy,3
PTEN,Efficacy,3
CYP19A1,Efficacy,3
CHIA,Toxicity,3
"UGT1A,UGT1A9",Toxicity,3
SLC30A9,Toxicity,3
HLA-DPB2,Toxicity,3
TSC1,Toxicity,3
THRA,Toxicity,3
CAPN10,Efficacy,3
PTGS1,Efficacy,3
ADIPOQ,Efficacy,3
SOD2,Toxicity,3
SLC22A4,Efficacy,3
SP1,"Efficacy,Metabolism/PK",3
PPARA,"Efficacy,Metabolism/PK",3
CELSR2,Efficacy,3
FTO,Efficacy,3
GSTT1,Efficacy,3
HRH3,Efficacy,3
TNFRSF10A,Efficacy,3
UGT1A6,Toxicity,3
CR1,Efficacy,3
HOMER1,Toxicity,3
GGCX,Dosage,3
HDAC1,Efficacy,3
,Metabolism/PK,3
SLC22A1,"Efficacy,Metabolism/PK",3
UGT1A9,Metabolism/PK,3
CHRNA7,Efficacy,3
CYP3A4,"Efficacy,Metabolism/PK",3
IL1RN,Efficacy,3
TLR9,Efficacy,3
TLR2,Efficacy,3
CD14,Efficacy,3
IL17A,Efficacy,3
CNPY4,Efficacy,3
IFNG,Efficacy,3
KCNQ1,Toxicity,3
IL10,Dosage,3
CMPK1,Efficacy,3
CYP2C19,Metabolism/PK,3
CYP4F2,Metabolism/PK,3
BCHE,Toxicity,3
ADRB2,Other,3
NTRK2,Efficacy,3
TRAF3IP2,Toxicity,3
TAPBP,Toxicity,3
ABCG2,Other,3
ABCG2,Metabolism/PK,3
AOX1,Metabolism/PK,3
RRAS2,Efficacy,3
RRM1,Toxicity,3
ALOX12,"Efficacy,Toxicity",3
UGT2B10,Metabolism/PK,3
PTGIR,Toxicity,3
OCRL,Other,3
PAPLN,Toxicity,3
CFAP44,Efficacy,3
PTGER2,Toxicity,3
CYP2A6,Metabolism/PK,3
VDR,Toxicity,3
DBH,Efficacy,3
PTGS1,Toxicity,3
THBD,Toxicity,3
CDK1,Toxicity,3
FGD4,Toxicity,3
PRKCE,Toxicity,3
BDKRB2,Efficacy,3
KCNT2,Toxicity,3
TRAF1,Efficacy,3
TNF,Efficacy,3
ALDH5A1,Efficacy,3
CCL2,Efficacy,3
CYP2C19,Toxicity,3
ALG10,Toxicity,3
FMO3,Efficacy,3
ACE,Toxicity,3
BCL2,Efficacy,3
GDNF,Efficacy,3
CYP3A5,Metabolism/PK,3
TLR3,Toxicity,3
EIF2AK4,Efficacy,3
IL23R,Toxicity,3
UGT2B7,Toxicity,3
SLC16A7,Efficacy,3
SLC47A2,Metabolism/PK,3
SLC22A1,Toxicity,3
FLT4,Efficacy,3
CA12,Other,3
NT5C3A,Efficacy,3
PTGES,Toxicity,3
SLCO2B1,Metabolism/PK,3
HNF4A,Dosage,3
AHR,Metabolism/PK,3
AQP2,Toxicity,3
ADAMTS1,Efficacy,3
TCF7L2,Toxicity,3
PTGER4,Toxicity,3
TNFRSF1B,Efficacy,3
OPRD1,Efficacy,3
CACNA1C,Toxicity,3
GRIN3A,Other,3
ARRB2,Other,3
ABCB1,Metabolism/PK,3
SLCO1A2,Metabolism/PK,3
GPR83,Efficacy,3
AGTR1,Toxicity,3
RORA,Efficacy,3
GLDC,Efficacy,3
CRHR2,Efficacy,3
CYP3A5,Toxicity,3
LEPR,Efficacy,3
SLCO1B1,Metabolism/PK,3
SLC1A1,Efficacy,3
CHAT,Efficacy,3
CYP3A43,Metabolism/PK,3
HLA-DRB3,Toxicity,3
G6PD,"Efficacy,Toxicity",3
SLC22A11,Efficacy,3
MICB,Efficacy,3
"IFNL3,IFNL4",Efficacy,3
FCGR3A,Other,3
SLC7A5,Toxicity,3
NAT1,Metabolism/PK,3
ATG16L1,Efficacy,3
LEPR,Toxicity,3
UGT1A,Metabolism/PK,3
CYP2C9,Metabolism/PK,3
POR,Efficacy,3
HSD11B1,Metabolism/PK,3
ABCB5,Toxicity,3
CD58,Efficacy,3
CYP2C19,Other,3
ILKAP,Efficacy,3
TET2,Efficacy,3
FBXL17,Efficacy,3
CSMD1,Efficacy,3
SLIT1,Efficacy,3
DIAPH3,Efficacy,3
UGGT2,Efficacy,3
ANKFN1,Efficacy,3
SLC22A3,Efficacy,3
PON1,Efficacy,3
,Dosage,3
CYP1A2,Metabolism/PK,3
KCNJ6,Dosage,3
POLG,Toxicity,3
GALNT17,Efficacy,3
MLLT3,Efficacy,3
TNFSF11,Efficacy,3
TNFRSF11B,Toxicity,3
FAAH,Toxicity,3
CNR1,Toxicity,3
CYP2D6,"Dosage,Toxicity",3
CYP2B6,Metabolism/PK,3
ECT2L,Efficacy,3
NFATC2,Toxicity,3
KCNIP4,Toxicity,3
GSR,Toxicity,3
ATP7B,Toxicity,3
SCN10A,Toxicity,3
CHRNA5,Efficacy,3
CXCL8,Toxicity,3
IL13,Toxicity,3
PTPRD,Efficacy,3
UGT2B7,Dosage,3
NR1I2,Toxicity,3
LGR5,Efficacy,3
FMO5,Efficacy,3
FDPS,Other,3
GRIA3,Toxicity,3
GNB3,Other,3
FSHR,Efficacy,3
SCNN1B,Toxicity,3
TANC2,Efficacy,3
IL10,Toxicity,3
CYP2B6,"Toxicity,Metabolism/PK",3
CHRNA4,Efficacy,3
CHRNA3,Toxicity,3
ABCC5,Toxicity,3
ABCG1,Toxicity,3
TNFRSF11A,Toxicity,3
PLCG1,Toxicity,3
NOS3,Toxicity,3
PEAR1,"Efficacy,Toxicity",3
CES1P1,Efficacy,3
CYP4F2,Other,3
VKORC1,Efficacy,3
CYP19A1,Other,3
NQO1,Dosage,3
KDR,Efficacy,3
FCER1A,Efficacy,3
SELE,Efficacy,3
LRRC15,Efficacy,3
DRD3,Metabolism/PK,3
ST13,Efficacy,3
FGF2,Efficacy,3
ADCY2,Efficacy,3
NRG1,Efficacy,3
UGT1A8,Toxicity,3
FCGR2A,Efficacy,3
FCGR3A,Efficacy,3
ATP2B1,Efficacy,3
GRM3,Toxicity,3
NRXN1,Efficacy,3
ARMS2,Efficacy,3
CAT,Other,3
IL13,Efficacy,3
TLR7,Efficacy,3
CYP3A4,Metabolism/PK,3
AMPD1,Toxicity,3
CYP3A5,Efficacy,3
HLA-DPA1,Efficacy,3
ATP5F1E,Efficacy,3
GRIN2B,Efficacy,3
HLA-E,Efficacy,3
PLCB1,Efficacy,3
GIPR,Toxicity,3
TYMS,Toxicity,3
CYP19A1,Toxicity,3
HOTAIR,Efficacy,3
MALAT1,Efficacy,3
H19,Efficacy,3
GRID2,Efficacy,3
CTNNB1,"Efficacy,Toxicity",3
GRM7,Efficacy,3
REV1,Efficacy,3
IRS1,Efficacy,3
FHIT,Efficacy,3
GAPVD1,Efficacy,3
ADRA1A,Efficacy,3
EPHX1,Efficacy,3
SLC28A2,"Efficacy,Toxicity",3
NRAS,Efficacy,3
RAF1,Efficacy,3
ACSS2,Efficacy,3
GPX5,Efficacy,3
PROC,Dosage,3
ADRB1,Dosage,3
SLC28A1,Toxicity,3
ABCC10,Metabolism/PK,3
CCHCR1,Toxicity,3
TCF19,Toxicity,3
POLR3G,Toxicity,3
GRIN2B,Dosage,3
DAOA,Toxicity,3
DUSP1,Efficacy,3
HTR1A,Toxicity,3
TAS2R16,Toxicity,3
SLC22A3,Metabolism/PK,3
POR,Metabolism/PK,3
PROX1,Toxicity,3
LIPC,Efficacy,3
FKBP5,Other,3
SLC22A8,Metabolism/PK,3
RHOA,Efficacy,3
PYGL,Efficacy,3
ULK3,Efficacy,3
TBX21,Efficacy,3
DDC,Toxicity,3
ARRB2,Toxicity,3
RRM1,"Efficacy,Toxicity",3
ABCB1,"Dosage,Efficacy",3
NAT2,"Toxicity,Metabolism/PK",3
ADGRL3,Efficacy,3
IGFBP3,Efficacy,3
CYP2C19,"Efficacy,Metabolism/PK",3
BDKRB1,Efficacy,3
TBXAS1,Toxicity,3
OR52E2,Efficacy,3
ASIC2,Efficacy,3
COL1A1,Dosage,3
UGT1A4,Metabolism/PK,3
SLC22A1,Efficacy,3
CFH,Efficacy,3
UGT2B7,"Efficacy,Toxicity",3
CDA,Metabolism/PK,3
NT5C3A,Metabolism/PK,3
SH2D5,Efficacy,3
TENT4A,Efficacy,3
DCTD,Efficacy,3
CDC5L,Efficacy,3
AKR1C3,Metabolism/PK,3
AKR1C4,Metabolism/PK,3
TAAR6,Efficacy,3
NT5C1A,Other,3
COL1A1,Toxicity,3
NRP1,Efficacy,3
INSR,Efficacy,3
CPA2,Toxicity,3
PSMA4,Metabolism/PK,3
CHRNA3,Metabolism/PK,3
PRKCB,Toxicity,3
NR1I3,Metabolism/PK,3
UGT2B7,Metabolism/PK,3
CYP2A6,Efficacy,3
CDKAL1,Efficacy,3
VAC14,Toxicity,3
DPYD,Other,3
BCHE,Efficacy,3
CYP2C9,"Efficacy,Metabolism/PK",3
ACHE,Efficacy,3
DROSHA,Toxicity,3
MAP4K4,Toxicity,3
UGT1A9,Other,3
RBFOX1,Efficacy,3
MGAT4A,Efficacy,3
ERICH3,Efficacy,3
RXRA,Toxicity,3
LRP2,Toxicity,3
GSTA1,Metabolism/PK,3
NUMA1,Efficacy,3
PICALM,Efficacy,3
SREBF1,Toxicity,3
HNF4A,Toxicity,3
NR1I3,Toxicity,3
SLC22A16,Other,3
CXCL12,Efficacy,3
SLCO1B3,"Dosage,Toxicity",3
STAT3,Efficacy,3
PICK1,Other,3
MTRF1L,Efficacy,3
RGS17,Efficacy,3
PON2,Efficacy,3
CTNNA3,Efficacy,3
CACNA1A,Efficacy,3
DRD1,Other,3
HFE,Efficacy,3
TF,Efficacy,3
SERPINE1,Toxicity,3
TPMT,Other,3
EPM2A,Efficacy,3
ATG5,Efficacy,3
CERS6,Efficacy,3
CYP24A1,Metabolism/PK,3
ACY3,Efficacy,3
NPHS1,Efficacy,3
NCOA1,Toxicity,3
LRMDA,Efficacy,3
GALR1,Efficacy,3
DOT1L,Efficacy,3
CHRM2,Other,3
ARID5B,Metabolism/PK,3
CES1,Toxicity,3
CES1,Metabolism/PK,3
SLC6A12,Toxicity,3
SLC22A1,"Dosage,Toxicity",3
CHRNA5,Metabolism/PK,3
CHRNA5,Toxicity,3
CHRNB2,Toxicity,3
CHRNB2,Other,3
TNF,Toxicity,3
CHRNB4,Toxicity,3
CYP1A1,Metabolism/PK,3
KCNE1,Toxicity,3
PIK3CA,Toxicity,3
PTEN,Toxicity,3
GSTM1,"Efficacy,Toxicity",3
UGT1A7,Toxicity,3
CYP27B1,Efficacy,3
MDM4,Efficacy,3
CYP1B1,Efficacy,3
RGS5,Efficacy,3
SLC28A2,Toxicity,3
CYP1B1,Toxicity,3
IL18,Efficacy,3
PACSIN2,Toxicity,3
IL6,Toxicity,3
GALNT14,Efficacy,3
FOLH1,Toxicity,3
FGFR4,Efficacy,3
CHRNA3,Other,3
KCNJ6,Other,3
KCNJ6,Efficacy,3
NOS1AP,Efficacy,3
CHRNA5,Other,3
IGF2BP2,Efficacy,3
SLC6A3,Efficacy,3
"CREB1,METTL21A","Efficacy,Toxicity",3
CBR1,Metabolism/PK,3
CBR1,"Dosage,Metabolism/PK",3
"HSPA1A,HSPA1L",Toxicity,3
ESR2,Efficacy,3
CAPN10,Toxicity,3
FDPS,Efficacy,3
MVK,Efficacy,3
ZNF697,Efficacy,3
TUBB1,Other,3
ZBTB22,Toxicity,3
CXCL10,Efficacy,3
FNTB,Efficacy,3
CHRNB4,Metabolism/PK,3
UGT1A3,Toxicity,3
DOK5,Toxicity,3
BMP7,Toxicity,3
LINC00251,Toxicity,3
HNF4A,Metabolism/PK,3
EIF3A,Toxicity,3
RAPGEF5,Efficacy,3
CRH,Efficacy,3
PARP11,Efficacy,3
NBEA,Efficacy,3
GSTM1,Metabolism/PK,3
PMCH,Toxicity,3
INSIG2,Toxicity,3
VDR,Metabolism/PK,3
GRIA1,Toxicity,3
HCG22,Toxicity,3
TGFB1,Toxicity,3
OCRL,Toxicity,3
ITPA,Toxicity,3
IL1A,Efficacy,3
LTC4S,Efficacy,3
UGT1A6,Dosage,3
"LTA,TNF",Toxicity,3
DHODH,Efficacy,3
HSPA1L,Toxicity,3
ARG1,Efficacy,3
GSTA1,Toxicity,3
UBE2I,Efficacy,3
"LST1,LTA,LTB",Toxicity,3
PTGFR,Efficacy,3
CD69,Efficacy,3
GALNT18,Efficacy,3
"CSNK2A3,GALNT18",Efficacy,3
RARS1,Efficacy,3
CYCSP5,Toxicity,3
ITIH3,Efficacy,3
"ADORA2A,ADORA2A-AS1",Toxicity,3
HIF1A,Efficacy,3
ADCY9,"Efficacy,Toxicity",3
GNMT,Toxicity,3
SLC2A2,Efficacy,3
IL16,Toxicity,3
POR,Dosage,3
DDHD1,Dosage,3
NEDD4,Dosage,3
ASPH,Efficacy,3
KDR,Toxicity,3
UGT1A8,Efficacy,3
B4GALT2,Efficacy,3
CYP4F2,Efficacy,3
GGCX,Efficacy,3
ADRB2,Dosage,3
CYP3A4,"Toxicity,Metabolism/PK",3
IFNL4,Efficacy,3
LGALS3,Toxicity,3
CD84,Efficacy,3
IL12B,Efficacy,3
CUX2,Toxicity,3
RIPOR2,Toxicity,3
AGBL4,Toxicity,3
KLRD1,Efficacy,3
KLRC1,Efficacy,3
CYP3A5,"Dosage,Metabolism/PK",3
STX1B,Dosage,3
CYP1A1,Dosage,3
DNMT3A,Dosage,3
TGFBR2,Toxicity,3
PRORP,Efficacy,3
SLC12A8,Toxicity,3
FBXL19,Toxicity,3
HLA-DRB1,Efficacy,3
NTRK2,Toxicity,3
GRIK3,Toxicity,3
SLC18A2,Toxicity,3
"UGT1A1,UGT1A10,UGT1A3,UGT1A4,UGT1A5,UGT1A6,UGT1A7,UGT1A8,UGT1A9",Dosage,3
AOX1,Dosage,3
CXCR4,Efficacy,3
PGLYRP4,Efficacy,3
CTNNA2,Efficacy,3
ZNF816,Efficacy,3
IL17RA,Efficacy,3
IL6R,Efficacy,3
FOXP3,Toxicity,3
ABCC1,Metabolism/PK,3
IL10,Metabolism/PK,3
VASP,Efficacy,3
STX1B,Efficacy,3
SLC26A9,Efficacy,3
HTR1B,Efficacy,3
PLEKHH2,Toxicity,3
DPYS,Toxicity,3
CES1P1,Toxicity,3
CYP2R1,Efficacy,3
IL18,Metabolism/PK,3
C3,Toxicity,3
"UGT1A10,UGT1A7,UGT1A8,UGT1A9",Efficacy,3
CLNK,Efficacy,3
ANKS1B,Efficacy,3
FMO3,Metabolism/PK,3
CTLA4,Metabolism/PK,3
IL3,Metabolism/PK,3
SLC31A1,Toxicity,3
FOXP3,Efficacy,3
UMPS,Toxicity,3
SLC22A7,Toxicity,3
TBXA2R,"Efficacy,Toxicity",3
PIGB,Toxicity,3
CD33,Efficacy,3
CYP4F2,Dosage,3
CYP4F11,Dosage,3
NUDT15,"Dosage,Toxicity",3
PIK3R1,Toxicity,3
C6,Metabolism/PK,3
CYP2C9,"Dosage,Metabolism/PK",3
SLC22A16,Toxicity,3
F11,Toxicity,3
KNG1,Toxicity,3
SUGCT,Toxicity,3
SLC6A3,Toxicity,3
CDH2,Efficacy,3
STAT4,Efficacy,3
PSORS1C1,Efficacy,3
FOXF2,Toxicity,3
EHMT2,Toxicity,3
BACH1,Toxicity,3
XPO1,Toxicity,3
MAFK,Toxicity,3
ABCB1,"Efficacy,Toxicity,Metabolism/PK",3
CES1,Efficacy,3
"UGT1A10,UGT1A3,UGT1A4,UGT1A5,UGT1A6,UGT1A7,UGT1A8,UGT1A9",Metabolism/PK,3
UGT2B7,Efficacy,3
"ERCC2,KLC3",Efficacy,3
"CYP3A5,ZSCAN25",Metabolism/PK,3
VKORC1L1,Dosage,3
SH2B1,Toxicity,3
RABEP1,Other,3
NR1I2,"Toxicity,Metabolism/PK",3
EPHX2,Efficacy,3
GRAMD1B,Efficacy,3
MYO1H,Efficacy,3
FAM178B,Efficacy,3
ADCY1,Efficacy,3
FAM177A1,Efficacy,3
XPC,Toxicity,3
SLC47A1,Efficacy,3
SLC47A2,Efficacy,3
SLCO1B3,Efficacy,3
BCHE,Other,3
TIRAP,Efficacy,3
TLR5,Efficacy,3
LY96,Efficacy,3
XRCC4,Efficacy,3
CHRNA5,"Efficacy,Toxicity",3
TYMP,Toxicity,3
ABCG2,"Efficacy,Metabolism/PK",3
GSTP1,Toxicity,3
"TMEM167A,XRCC4",Efficacy,3
KDR,"Efficacy,Metabolism/PK",3
UGT1A3,"Efficacy,Metabolism/PK",3
DBH,Toxicity,3
XRCC3,Efficacy,3
NOTCH4,Toxicity,3
BCL2L11,Toxicity,3
GATA4,Dosage,3
VDR,Dosage,3
CDK4,Other,3
CYBA,Toxicity,3
CYBA,"Efficacy,Toxicity",3
NCF4,Toxicity,3
RAC2,Toxicity,3
NCF4,Efficacy,3
RAC2,Efficacy,3
SLC22A5,Toxicity,3
SLC6A2,Other,3
KRAS,Efficacy,3
SUMO4,Metabolism/PK,3
ABCB1,"Efficacy,Metabolism/PK",3
RYR1,Other,3
TLR4,Other,3
PSORS1C1,Toxicity,3
DHFR,"Efficacy,Toxicity",3
AMHR2,"Efficacy,Metabolism/PK",3
"OPRL1,RGS19",Toxicity,3
"LKAAEAR1,OPRL1",Toxicity,3
PEBP4,Efficacy,3
ZDHHC7,Efficacy,3
ZNF134,Efficacy,3
ARSA,Efficacy,3
SPSB2,Efficacy,3
ZNF211,Efficacy,3
CORO7,Efficacy,3
FXR2,Efficacy,3
ZNF565,Efficacy,3
ELP5,Efficacy,3
CDH23,Efficacy,3
ARHGAP12,Efficacy,3
PIGM,Efficacy,3
CHURC1,Efficacy,3
TRIB3,Efficacy,3
CMTM8,Efficacy,3
PDIA2,Efficacy,3
OPCML,Efficacy,3
ETFDH,Efficacy,3
NFIB,Efficacy,3
ARHGEF28,Efficacy,3
SENP3,Efficacy,3
ESYT2,Efficacy,3
RRP7A,Efficacy,3
HTT,Efficacy,3
FARP2,Efficacy,3
PURA,Efficacy,3
ZNF385D,Efficacy,3
SKIC3,Efficacy,3
TREML4,Efficacy,3
INVS,Efficacy,3
TEX10,Efficacy,3
FCN2,Efficacy,3
ANO2,Efficacy,3
ATP10A,Efficacy,3
MIEF2,Efficacy,3
AGTR1,Metabolism/PK,3
BDKRB2,Metabolism/PK,3
UGT1A6,Efficacy,3
CYP3A7,Metabolism/PK,3
CYP2J2,Toxicity,3
CYP2C8,Metabolism/PK,3
PPARA,Toxicity,3
MDGA2,Toxicity,3
CALU,Dosage,3
VKORC1,Other,3
OPRM1,Metabolism/PK,3
HMGCS2,Toxicity,3
CFTR,Efficacy,3
KLB,Dosage,3
IRS1,Toxicity,3
GNL3,Toxicity,3
HMMR,Toxicity,3
PERP,Toxicity,3
PPP2R5D,Toxicity,3
TP53AIP1,Toxicity,3
NOS1,Toxicity,3
FOXO1,Toxicity,3
CCNK,Toxicity,3
TP53,Toxicity,3
TOP2A,Toxicity,3
INSR,Toxicity,3
PIK3R2,Toxicity,3
CBR3,Toxicity,3
RBX1,Toxicity,3
CPA6,Efficacy,3
PRPF31,Efficacy,3
NELFCD,Efficacy,3
TPMT,"Dosage,Toxicity",3
HSP90AB1,Toxicity,3
PRKCA,Toxicity,3
ITPA,"Dosage,Toxicity",3
ABCG2,"Efficacy,Toxicity",3
POLR2A,Toxicity,3
UGT1A1,Dosage,3
SLC31A1,"Efficacy,Toxicity",3
UGT1A3,Metabolism/PK,3
ABCC9,Metabolism/PK,3
EYS,Toxicity,3
NQO2,Efficacy,3
ALDH1A1,Efficacy,3
SULT1A3,Metabolism/PK,3
"SULT1A3,SULT1A4",Metabolism/PK,3
IRF6,Toxicity,3
BARD1,Efficacy,3
ERBB3,Efficacy,3
RNF8,Efficacy,3
ERBB2,Efficacy,3
ATF2,Efficacy,3
IL17A,Dosage,3
TOLLIP,Efficacy,3
SLC22A16,"Efficacy,Toxicity",3
ATM,Toxicity,3
ALDH3A1,Toxicity,3
CBR1,Toxicity,3
XRCC1,Toxicity,3
SAMHD1,Toxicity,3
KIF6,Efficacy,3
RASSF1,Efficacy,3
KMT2E,Efficacy,3
NCAM1,Efficacy,3
ITPA,"Efficacy,Toxicity",3
MTR,"Efficacy,Toxicity",3
MDM2,Efficacy,3
PIN1,Efficacy,3
XRCC1,Efficacy,3
MMP3,Efficacy,3
"UGT1A1,UGT1A10,UGT1A3,UGT1A4,UGT1A5,UGT1A6,UGT1A7,UGT1A8,UGT1A9",Metabolism/PK,3
CYP3A5,"Efficacy,Metabolism/PK",3
IL1B,"Dosage,Efficacy",3
UGT2A1,Toxicity,3
ABCB4,Efficacy,3
CHST1,Toxicity,3
NQO1,Efficacy,3
CYP2F1,Toxicity,3
SLC19A1,Toxicity,3
TRPV1,Efficacy,3
TH,Efficacy,3
BLMH,Toxicity,3
NTNG1,Efficacy,3
GREM2,Efficacy,3
MYT1L,Efficacy,3
TRIB2,Efficacy,3
TBL1XR1,Efficacy,3
PKD2,Efficacy,3
TAOK3,"Dosage,Efficacy",3
KCNJ11,Toxicity,3
CFHR4,Toxicity,3
"ABCC8,KCNJ11",Efficacy,3
OPRM1,Dosage,3
CHRNA4,Toxicity,3
OPRK1,Toxicity,3
GAL,Toxicity,3
CSNK1E,Toxicity,3
CRHBP,Toxicity,3
"ANKK1,DRD2",Toxicity,3
CYP2A13,Toxicity,3
CYP2A6,Toxicity,3
HYKK,Efficacy,3
GABRA2,Toxicity,3
SLC18A2,Efficacy,3
PPARG,Efficacy,3
PPA2,Efficacy,3
TJP1,Efficacy,3
ATP1A2,Efficacy,3
SPOPL,Efficacy,3
TNFRSF11A,Efficacy,3
"MIR582,PDE4D",Efficacy,3
RPTOR,"Efficacy,Toxicity",3
"ANKK1,DRD2",Efficacy,3
CYP4A11,Efficacy,3
OPRD1,Toxicity,3
HINT1,Other,3
HINT1,Efficacy,3
CHRNA3,Dosage,3
"CHRNA3,CHRNA5","Dosage,Efficacy",3
KAT2B,Toxicity,3
UGT2B15,Metabolism/PK,3
SLC6A3,Other,3
ACSS2,Toxicity,3
"HTT,MSANTD1",Efficacy,3
"UGT1A10,UGT1A3,UGT1A4,UGT1A5,UGT1A6,UGT1A7,UGT1A8,UGT1A9",Efficacy,3
HRH4,Efficacy,3
"NTRK1,PEAR1",Efficacy,3
TAOK3,Efficacy,3
TAOK3,Dosage,3
CHRNA3,Efficacy,3
"BDNF,BDNF-AS",Other,3
XIRP2,Efficacy,3
TXNDC11,Efficacy,3
PIP5K1C,Toxicity,3
PNPLA3,Toxicity,3
"GNB3,P3H3",Efficacy,3
GC,Efficacy,3
"SH3BP2,TNFAIP3",Efficacy,3
MAP2K4,Toxicity,3
ADGRL3,Toxicity,3
SLC22A1,"Efficacy,Toxicity,Metabolism/PK",3
CYP1A2,Dosage,3
ABCG2,Dosage,3
"ABCB1,RUNDC3B",Dosage,3
SCN4A,Efficacy,3
"GLA,HNRNPH2",Efficacy,3
GLA,Efficacy,3
NUDT15,Toxicity,3
P2RX7,Dosage,3
SULT1A1,Metabolism/PK,3
"NPIPB8,SULT1A1",Metabolism/PK,3
SULT1A1,Toxicity,3
SULT1A1,Efficacy,3
AQP1,Toxicity,3
SRPRB,Metabolism/PK,3
ADH1A,Metabolism/PK,3
UGT1A8,Other,3
KL,Efficacy,3
HSD3B1,Efficacy,3
"KLC1,XRCC3",Efficacy,3
NOS2,Toxicity,3
SLC15A2,Efficacy,3
PLIN1,Toxicity,3
CCL11,Toxicity,3
MYD88,Toxicity,3
ALDH1L1,Efficacy,3
CACNA1E,Dosage,3
SLC22A2,Toxicity,3
PAH,Metabolism/PK,3
SLC25A31,Efficacy,3
ZMAT4,Efficacy,3
APOE,Efficacy,3
RGL4,Metabolism/PK,3
ICA1,Metabolism/PK,3
HCN1,Metabolism/PK,3
RFPL4B,Metabolism/PK,3
PGM1,Metabolism/PK,3
CALCA,Efficacy,3
UGT1A1,Metabolism/PK,3
SLC4A1,Efficacy,3
SYT1,Toxicity,3
RABGAP1L,Toxicity,3
SORCS2,Metabolism/PK,3
APOB,Toxicity,3
NUCB2,Efficacy,3
RRP1B,Efficacy,3
SH2B3,Efficacy,3
C5ORF56,Efficacy,3
KCNK3,Efficacy,3
CSK,Efficacy,3
PDE3A,Efficacy,3
SULT1C3,Efficacy,3
STN1,Efficacy,3
TBX2,Efficacy,3
PLCE1,Efficacy,3
ADO,Efficacy,3
PRKAG2,Efficacy,3
"DOT1L,PLEKHJ1",Efficacy,3
MCOLN1,Toxicity,3
PPCDC,Toxicity,3
"CHRNA3,CHRNA5",Toxicity,3
BST1,Efficacy,3
DGKB,Toxicity,3
ANKS1B,Toxicity,3
PDYN,Toxicity,3
C6ORF15,Toxicity,3
SERPINC1,Toxicity,3
ATAT1,Toxicity,3
PPP1R18,Toxicity,3
"CDSN,PSORS1C1",Toxicity,3
MUCL3,Toxicity,3
HCP5,Toxicity,3
PRRC2A,Toxicity,3
MSH5,Toxicity,3
DOCK8,Toxicity,3
SERPINA5,Toxicity,3
XYLT2,Toxicity,3
ETS2,Toxicity,3
CYP24A1,Toxicity,3
CYP27B1,Toxicity,3
MOBP,Efficacy,3
HRH1,Toxicity,3
OTOS,Toxicity,3
ABCC3,Toxicity,3
SLC16A5,Toxicity,3
RELA,Toxicity,3
IKBKB,Efficacy,3
IKBKE,Toxicity,3
NFKBIA,Toxicity,3
IKBKB,Toxicity,3
"NFKBIB,SIRT2",Toxicity,3
NR1H2,Toxicity,3
TAB2,Toxicity,3
CYP3A5,Dosage,3
FAAH,Other,3
ADGRV1,Toxicity,3
GAD1,Dosage,3
OPRD1,Dosage,3
OPRD1,Metabolism/PK,3
OPRK1,Dosage,3
CRYBG2,Toxicity,3
CLCC1,Toxicity,3
POM121L2,Toxicity,3
ZNF165,Toxicity,3
MUC16,Toxicity,3
PDE3A,Toxicity,3
ZNF568,Toxicity,3
ABCC3,Other,3
TH,Toxicity,3
"COMT,TXNRD2",Efficacy,3
SLC6A4,Dosage,3
PDE4B,Toxicity,3
GCKR,Toxicity,3
THSD7B,Toxicity,3
CADM2,Toxicity,3
ADH1B,Toxicity,3
ADH1C,Toxicity,3
SLC39A8,Toxicity,3
DPP6,Toxicity,3
"MED19,TMX2",Toxicity,3
SLC4A8,Toxicity,3
ARID4A,Toxicity,3
TNRC6A,Toxicity,3
FUT2,Toxicity,3
CYP2D6,Dosage,3
PNOC,Toxicity,3
"CYP2A7P1,CYP2B6",Toxicity,3
SLC28A2,Efficacy,3
"HTR7,RPP30",Efficacy,3
HTR7,Efficacy,3
TP53,Efficacy,3
"TMEM43,XPC",Toxicity,3
VKORC1,Toxicity,3
LPA,Efficacy,3
EPHX1,Metabolism/PK,3
ITPA,Dosage,3
SCN1A,Efficacy,3
CHRNB2,"Efficacy,Toxicity",3
SOD2,Efficacy,3
FLT3,Toxicity,3
DYNC2H1,Efficacy,3
GSTM1,Efficacy,3
EPHA7,Toxicity,3
STAT6,Efficacy,3
HTR2C,Efficacy,3
NT5C2,Metabolism/PK,3
COL22A1,Efficacy,3
SLCO1C1,Efficacy,3
CRTC2,Toxicity,3
HAS3,Toxicity,3
SLC28A3,Toxicity,3
SEMA3C,Toxicity,3
SCN1A,Dosage,3
C8ORF34,Toxicity,3
COMT,Dosage,3
ALDH2,Metabolism/PK,3
CFTR,Toxicity,3
GP1BA,Efficacy,3
LPA,Toxicity,3
EGF,Efficacy,3
MC4R,Toxicity,3
LTC4S,Toxicity,3
CHRNA3,"Efficacy,Toxicity",3
YEATS4,Efficacy,3
APOC3,Metabolism/PK,3
APOA5,Efficacy,3
EPHA5,Toxicity,3
HSPA5,Efficacy,3
SLCO1B3,Metabolism/PK,3
CES1,Dosage,3
"C18ORF56,TYMS",Efficacy,3
ALDH2,Other,3
RYR1,Toxicity,3
VKORC1,"Dosage,Efficacy",3
CNR1,Dosage,3
TPH2,Dosage,3
OPRL1,Dosage,3
NFIB,Metabolism/PK,3
NECTIN4,Toxicity,3
NECTIN4,Dosage,3
NECTIN4,Metabolism/PK,3
NFKBIA,Dosage,3
DLG2,Efficacy,3
STRBP,Efficacy,3
PYROXD2,Efficacy,3
SLC7A5,Efficacy,3
SLC7A5,Dosage,3
MC4R,Efficacy,3
CFTR,Other,3
BDNF-AS,Toxicity,3
GABRB3,Toxicity,3
TACR1,Toxicity,3
ZNF804A,Toxicity,3
EXOC4,Toxicity,3
TACR3,Toxicity,3
SLCO1A2,Dosage,3
"IAPP,SLCO1A2",Dosage,3
OPRK1,Efficacy,3
MTOR,Efficacy,3
MICA,Efficacy,3
KCNMA1,Toxicity,3
ADORA2A-AS1,Efficacy,3
"APEX1,OSGEP",Efficacy,3
MUTYH,Efficacy,3
"MT-ND1,MT-RNR1",Toxicity,3
MT-RNR1,Toxicity,3
PACSIN2,Efficacy,3
NUDT15,Dosage,3
ARID5B,Toxicity,3
MTHFD1,Efficacy,3
"ERCC1,POLR1G,PPP1R13L",Toxicity,3
SOD2,Other,3
ADRB2,PD,3
ARHGAP28,Toxicity,3
GGH,Metabolism/PK,3
SLC19A1,Metabolism/PK,3
CNIH3,Toxicity,3
"ENOSF1,TYMS",Toxicity,3
"ENOSF1,TYMS",Efficacy,3
TLR2,Dosage,3
"CYP2A7P1,CYP2B6",Metabolism/PK,3
ASTN2,Dosage,3
SCN2A,Efficacy,3
CYP2C8,Efficacy,3
GSTP1,Metabolism/PK,3
GLP1R,Toxicity,3
NQO1,Toxicity,3
AKR1C3,Efficacy,3
AKR1C3,Other,3
FPGS,Metabolism/PK,3
CCND1,Toxicity,3
MTHFD1,Toxicity,3
MTRR,Toxicity,3
WBP2NL,Toxicity,3
FIP1L1,Toxicity,3
"SEPTIN3,WBP2NL",Toxicity,3
SERINC5,Toxicity,3
DRD1,Dosage,3
ADAMTSL2,Efficacy,3
ADH1B,Efficacy,3
ALDH2,Efficacy,3
EYA1,Toxicity,3
"CYP2A7P1,CYP2B6",Efficacy,3
DAO,Metabolism/PK,3
DAO,Dosage,3
DAO,Efficacy,3
SRD5A2,Efficacy,3
"DSE,TSPYL1",Efficacy,3
MTHFR,Metabolism/PK,3
"INSRR,NTRK1",Toxicity,3
GATA3,Toxicity,3
"JMJD8,WDR24",Efficacy,3
EFR3A,Efficacy,3
NECAB1,Efficacy,3
AGAP3,Efficacy,3
ECHS1,Efficacy,3
MYOM2,Efficacy,3
TPMT,Dosage,3
TPMT,Metabolism/PK,3
AHRR,Efficacy,3
CYP2A6,Dosage,3
N6AMT1,Efficacy,3
GRK4,Toxicity,3
PIK3R5,Toxicity,3
VEGFB,Toxicity,3
EPAS1,Toxicity,3
ADAMTS18,Toxicity,3
MAP2K6,Toxicity,3
CDH13,Toxicity,3
WWOX,Toxicity,3
CAMK1D,Efficacy,3
"FASTKD3,MTRR",Efficacy,3
"FASTKD3,MTRR",Other,3
GABRA2,Other,3
KCNK3,Other,3
"CYP2E1,DUX1",Other,3
CYP2E1,Other,3
KCNK2,Efficacy,3
GRIN2B,Other,3
ITPA,Efficacy,3
ZDHHC3,Efficacy,3
CALM1,Efficacy,3
CEP72,Toxicity,3
CALCA,Dosage,3
PPARD,Toxicity,3
MIR27A,Toxicity,3
NAT2,Efficacy,3
NAT2,Metabolism/PK,3
ABCC4,Metabolism/PK,3
"IFNL3,IFNL4",Metabolism/PK,3
AADAC,Metabolism/PK,3
"MED4,NUDT15",Dosage,3
MEG3,Toxicity,3
XPNPEP2,Toxicity,3
FSHR,Dosage,3
HTR1B,PD,3
IL7,Toxicity,3
"CYP3A5,ZSCAN25",Toxicity,3
KCNAB1,Toxicity,3
"DDRGK1,ITPA",Efficacy,3
"LST1,LTA,TNF",Efficacy,3
ACYP2,Toxicity,3
GATA4,Efficacy,3
SLCO2A1,Toxicity,3
MAP3K5,Efficacy,3
RARG,Toxicity,3
SLIT1,Toxicity,3
CTH,Toxicity,3
"KRTAP10-4,TSPEAR",Efficacy,3
CYP7A1,Efficacy,3
GLP1R,Efficacy,3
CYP3A5,Other,4
MTHFR,Toxicity,4
ABCB1,Efficacy,4
XRCC1,"Efficacy,Toxicity",4
CYP2C8,Dosage,4
CYP2C8,Toxicity,4
CYP1A2,Toxicity,4
EPHX1,Dosage,4
CLOCK,Toxicity,4
IMPDH2,"Efficacy,Toxicity",4
UGT1A9,Efficacy,4
GNB3,Efficacy,4
SCAP,Other,4
CYP3A4,Efficacy,4
FABP1,Efficacy,4
BDNF,Toxicity,4
RRM1,Efficacy,4
ADRB2,Efficacy,4
VEGFA,Efficacy,4
CYP2D6,Other,4
G6PD,Toxicity,4
RAD52,Toxicity,4
UGT1A9,Toxicity,4
SCN2A,Efficacy,4
ABCC2,Efficacy,4
HTR3B,Toxicity,4
ABCC2,Toxicity,4
,Efficacy,4
ADCY2,Efficacy,4
CYP3A5,Toxicity,4
CYP2C19,Metabolism/PK,4
IMPDH2,Efficacy,4
PON1,"Efficacy,Toxicity",4
P2RY12,"Efficacy,Toxicity",4
GSTT1,Toxicity,4
UGT2B7,Other,4
GSTM1,Toxicity,4
CETP,"Efficacy,Toxicity",4
CETP,Efficacy,4
CYP2A6,Other,4
CFH,Efficacy,4
ABCG2,Toxicity,4
HTRA1,Efficacy,4
UGT2B7,Metabolism/PK,4
CYP2D6,Efficacy,4
DRD2,Efficacy,4
IMPDH1,Toxicity,4
TSPAN5,Other,4
GATM,Toxicity,4
NTRK2,Efficacy,4
FMO3,Toxicity,4
HNMT,Toxicity,4
,Toxicity,4
UGT1A6,Toxicity,4
ADH7,Toxicity,4
SLC22A2,Toxicity,4
ABCB4,Toxicity,4
ABCB1,Toxicity,4
SLC28A3,Toxicity,4
SLC10A2,Toxicity,4
SLC28A1,Toxicity,4
ABCC1,Toxicity,4
SPG7,Toxicity,4
CYP4F2,Toxicity,4
SULT2B1,Toxicity,4
HNF4A,"Efficacy,Metabolism/PK",4
ERCC2,Toxicity,4
TNFAIP3,Efficacy,4
ABCB1,Metabolism/PK,4
ABCB1,"Dosage,Metabolism/PK",4
FCGR2A,Efficacy,4
SLCO1B1,Toxicity,4
ABCG2,Efficacy,4
IL6R,Efficacy,4
CYP3A4,Metabolism/PK,4
CYP2B6,Metabolism/PK,4
P2RY12,Efficacy,4
IL10,Metabolism/PK,4
CRHR2,Efficacy,4
HNF4A,Metabolism/PK,4
SLCO1B1,Metabolism/PK,4
CYP3A5,Metabolism/PK,4
SCN1A,Efficacy,4
ABCB1,Other,4
HLA-B,Toxicity,4
KCNIP4,Toxicity,4
CYP2B6,Toxicity,4
OPRD1,Efficacy,4
PSORS1C1,Toxicity,4
NR1I3,Dosage,4
GGCX,Dosage,4
BDNF,Efficacy,4
SLC29A3,Efficacy,4
PTPRM,Efficacy,4
ABCB1,Dosage,4
CYP3A5,Efficacy,4
AMPD1,"Efficacy,Toxicity",4
ERCC2,"Efficacy,Toxicity",4
SLC22A6,Other,4
ACE,Efficacy,4
SLC6A2,Efficacy,4
OPRM1,Toxicity,4
COMT,Efficacy,4
BDNF,Other,4
CYP2E1,Toxicity,4
CYP4F2,Other,4
CYP2C19,Toxicity,4
UGT2B7,Dosage,4
LRP2,Toxicity,4
TPH1,Efficacy,4
UGT1A1,Metabolism/PK,4
CYP2B6,Dosage,4
CYP2C9,Metabolism/PK,4
CYP2C19,Efficacy,4
GSTP1,Efficacy,4
ADRA2A,Efficacy,4
POR,Toxicity,4
ERCC1,Efficacy,4
OPRM1,Efficacy,4
CYP2C9,Efficacy,4
ITPA,Toxicity,4
ITGB3,Efficacy,4
TNF,Efficacy,4
CYP2D6,Metabolism/PK,4
DPYD,Efficacy,4
CFTR,Efficacy,4
SLCO1B1,Efficacy,4
ADRB1,Efficacy,4
CYP2C8,Efficacy,4
COMT,Dosage,4
OPRM1,Metabolism/PK,4
CYP2D6,Toxicity,4
MTHFR,Dosage,4
UGT1A1,Toxicity,4
SLC19A1,Efficacy,4
MTHFR,Efficacy,4
"C18ORF56,TYMS",Metabolism/PK,4
SLC19A1,Toxicity,4
VKORC1,Dosage,4
TYMS,Toxicity,4
NQO1,Dosage,4
OPRM1,Dosage,4
ABCG2,Metabolism/PK,4
ABCC2,Metabolism/PK,4
SLC19A1,Metabolism/PK,4
MTR,Toxicity,4
"FASTKD3,MTRR",Toxicity,4
COMT,Toxicity,4
GRK5,Efficacy,4
HLA-A,Toxicity,4
CYP3A4,Dosage,4
HTR2A,Efficacy,4
SLC6A4,Efficacy,4
HTR2A,Toxicity,4
SLC6A4,Toxicity,4
BDKRB2,Toxicity,4
ATIC,Efficacy,4
ABCC4,Metabolism/PK,4
ABCC4,Toxicity,4
"CYP2A7P1,CYP2B6",Toxicity,4
"ATM,C11ORF65",Efficacy,4
"ANKK1,DRD2",Efficacy,4
GLP1R,Efficacy,4
"CTRB1,CTRB2",Efficacy,4
